[
{
  "model": "finance.userprofile",
  "pk": 1,
  "fields": {
    "user": 1,
    "level": 1,
    "experience_points": 0,
    "target_tps": 15,
    "target_rdr": 35,
    "target_ili": "6.0",
    "is_first_access": true,
    "cached_tps": "100.00",
    "cached_rdr": "0.00",
    "cached_ili": "0.00",
    "cached_total_income": "1.00",
    "cached_total_expense": "0.00",
    "cached_total_debt": "0.00",
    "indicators_updated_at": "2025-11-06T00:52:50.682Z"
  }
},
{
  "model": "finance.userprofile",
  "pk": 2,
  "fields": {
    "user": 2,
    "level": 1,
    "experience_points": 0,
    "target_tps": 15,
    "target_rdr": 35,
    "target_ili": "6.0",
    "is_first_access": true,
    "cached_tps": null,
    "cached_rdr": null,
    "cached_ili": null,
    "cached_total_income": null,
    "cached_total_expense": null,
    "cached_total_debt": null,
    "indicators_updated_at": null
  }
},
{
  "model": "finance.userprofile",
  "pk": 3,
  "fields": {
    "user": 3,
    "level": 1,
    "experience_points": 0,
    "target_tps": 15,
    "target_rdr": 35,
    "target_ili": "6.0",
    "is_first_access": true,
    "cached_tps": null,
    "cached_rdr": null,
    "cached_ili": null,
    "cached_total_income": null,
    "cached_total_expense": null,
    "cached_total_debt": null,
    "indicators_updated_at": null
  }
},
{
  "model": "finance.userprofile",
  "pk": 5,
  "fields": {
    "user": 5,
    "level": 1,
    "experience_points": 0,
    "target_tps": 15,
    "target_rdr": 35,
    "target_ili": "6.0",
    "is_first_access": true,
    "cached_tps": null,
    "cached_rdr": null,
    "cached_ili": null,
    "cached_total_income": null,
    "cached_total_expense": null,
    "cached_total_debt": null,
    "indicators_updated_at": null
  }
},
{
  "model": "finance.userprofile",
  "pk": 6,
  "fields": {
    "user": 6,
    "level": 1,
    "experience_points": 0,
    "target_tps": 15,
    "target_rdr": 35,
    "target_ili": "6.0",
    "is_first_access": true,
    "cached_tps": null,
    "cached_rdr": null,
    "cached_ili": null,
    "cached_total_income": null,
    "cached_total_expense": null,
    "cached_total_debt": null,
    "indicators_updated_at": null
  }
},
{
  "model": "finance.userprofile",
  "pk": 7,
  "fields": {
    "user": 7,
    "level": 1,
    "experience_points": 0,
    "target_tps": 15,
    "target_rdr": 35,
    "target_ili": "6.0",
    "is_first_access": true,
    "cached_tps": null,
    "cached_rdr": null,
    "cached_ili": null,
    "cached_total_income": "0.00",
    "cached_total_expense": "0.00",
    "cached_total_debt": "0.00",
    "indicators_updated_at": null
  }
},
{
  "model": "finance.userprofile",
  "pk": 9,
  "fields": {
    "user": 8,
    "level": 2,
    "experience_points": 80,
    "target_tps": 15,
    "target_rdr": 35,
    "target_ili": "6.0",
    "is_first_access": false,
    "cached_tps": null,
    "cached_rdr": null,
    "cached_ili": null,
    "cached_total_income": "0.00",
    "cached_total_expense": "0.00",
    "cached_total_debt": "0.00",
    "indicators_updated_at": null
  }
},
{
  "model": "finance.userprofile",
  "pk": 10,
  "fields": {
    "user": 9,
    "level": 1,
    "experience_points": 130,
    "target_tps": 15,
    "target_rdr": 35,
    "target_ili": "6.0",
    "is_first_access": false,
    "cached_tps": "91.78",
    "cached_rdr": "1.23",
    "cached_ili": "19.50",
    "cached_total_income": "8150.00",
    "cached_total_expense": "570.00",
    "cached_total_debt": "0.00",
    "indicators_updated_at": "2025-11-05T23:56:21.389Z"
  }
},
{
  "model": "finance.userprofile",
  "pk": 11,
  "fields": {
    "user": 10,
    "level": 1,
    "experience_points": 0,
    "target_tps": 15,
    "target_rdr": 35,
    "target_ili": "6.0",
    "is_first_access": true,
    "cached_tps": "0.00",
    "cached_rdr": "0.00",
    "cached_ili": "0.00",
    "cached_total_income": "0.00",
    "cached_total_expense": "0.00",
    "cached_total_debt": "0.00",
    "indicators_updated_at": "2025-11-04T15:32:06.491Z"
  }
},
{
  "model": "finance.userprofile",
  "pk": 12,
  "fields": {
    "user": 11,
    "level": 1,
    "experience_points": 50,
    "target_tps": 15,
    "target_rdr": 35,
    "target_ili": "6.0",
    "is_first_access": false,
    "cached_tps": "76.11",
    "cached_rdr": "0.00",
    "cached_ili": "6.67",
    "cached_total_income": "1800.00",
    "cached_total_expense": "430.00",
    "cached_total_debt": "0.00",
    "indicators_updated_at": "2025-11-04T15:47:52.789Z"
  }
},
{
  "model": "finance.userprofile",
  "pk": 13,
  "fields": {
    "user": 12,
    "level": 1,
    "experience_points": 0,
    "target_tps": 15,
    "target_rdr": 35,
    "target_ili": "6.0",
    "is_first_access": true,
    "cached_tps": "0.00",
    "cached_rdr": "0.00",
    "cached_ili": "0.00",
    "cached_total_income": "0.00",
    "cached_total_expense": "0.00",
    "cached_total_debt": "0.00",
    "indicators_updated_at": "2025-11-05T15:04:49.494Z"
  }
},
{
  "model": "finance.userprofile",
  "pk": 14,
  "fields": {
    "user": 13,
    "level": 1,
    "experience_points": 0,
    "target_tps": 15,
    "target_rdr": 35,
    "target_ili": "6.0",
    "is_first_access": true,
    "cached_tps": "0.00",
    "cached_rdr": "0.00",
    "cached_ili": "0.00",
    "cached_total_income": "0.00",
    "cached_total_expense": "0.00",
    "cached_total_debt": "0.00",
    "indicators_updated_at": "2025-11-05T15:42:16.040Z"
  }
},
{
  "model": "finance.category",
  "pk": 1,
  "fields": {
    "name": "Salário",
    "type": "INCOME",
    "color": "",
    "group": "OTHER",
    "user": 1,
    "created_at": "2025-10-29T00:49:34.297Z"
  }
},
{
  "model": "finance.category",
  "pk": 2,
  "fields": {
    "name": "Freela",
    "type": "INCOME",
    "color": "",
    "group": "OTHER",
    "user": 1,
    "created_at": "2025-10-29T00:49:34.761Z"
  }
},
{
  "model": "finance.category",
  "pk": 3,
  "fields": {
    "name": "Outros ganhos",
    "type": "INCOME",
    "color": "",
    "group": "OTHER",
    "user": 1,
    "created_at": "2025-10-29T00:49:35.218Z"
  }
},
{
  "model": "finance.category",
  "pk": 4,
  "fields": {
    "name": "Alimentação",
    "type": "EXPENSE",
    "color": "",
    "group": "OTHER",
    "user": 1,
    "created_at": "2025-10-29T00:49:35.645Z"
  }
},
{
  "model": "finance.category",
  "pk": 5,
  "fields": {
    "name": "Transporte",
    "type": "EXPENSE",
    "color": "",
    "group": "OTHER",
    "user": 1,
    "created_at": "2025-10-29T00:49:36.388Z"
  }
},
{
  "model": "finance.category",
  "pk": 6,
  "fields": {
    "name": "Lazer",
    "type": "EXPENSE",
    "color": "",
    "group": "OTHER",
    "user": 1,
    "created_at": "2025-10-29T00:49:37.062Z"
  }
},
{
  "model": "finance.category",
  "pk": 7,
  "fields": {
    "name": "Moradia",
    "type": "EXPENSE",
    "color": "",
    "group": "OTHER",
    "user": 1,
    "created_at": "2025-10-29T00:49:37.881Z"
  }
},
{
  "model": "finance.category",
  "pk": 8,
  "fields": {
    "name": "Educação",
    "type": "EXPENSE",
    "color": "",
    "group": "OTHER",
    "user": 1,
    "created_at": "2025-10-29T00:49:38.701Z"
  }
},
{
  "model": "finance.category",
  "pk": 9,
  "fields": {
    "name": "Cartão",
    "type": "DEBT",
    "color": "",
    "group": "OTHER",
    "user": 1,
    "created_at": "2025-10-29T00:49:39.523Z"
  }
},
{
  "model": "finance.category",
  "pk": 10,
  "fields": {
    "name": "Empréstimo",
    "type": "DEBT",
    "color": "",
    "group": "OTHER",
    "user": 1,
    "created_at": "2025-10-29T00:49:40.102Z"
  }
},
{
  "model": "finance.category",
  "pk": 11,
  "fields": {
    "name": "Financiamento",
    "type": "DEBT",
    "color": "",
    "group": "OTHER",
    "user": 1,
    "created_at": "2025-10-29T00:49:40.561Z"
  }
},
{
  "model": "finance.category",
  "pk": 12,
  "fields": {
    "name": "Salário",
    "type": "INCOME",
    "color": "",
    "group": "OTHER",
    "user": 2,
    "created_at": "2025-10-29T00:49:57.132Z"
  }
},
{
  "model": "finance.category",
  "pk": 13,
  "fields": {
    "name": "Freela",
    "type": "INCOME",
    "color": "",
    "group": "OTHER",
    "user": 2,
    "created_at": "2025-10-29T00:49:57.614Z"
  }
},
{
  "model": "finance.category",
  "pk": 14,
  "fields": {
    "name": "Outros ganhos",
    "type": "INCOME",
    "color": "",
    "group": "OTHER",
    "user": 2,
    "created_at": "2025-10-29T00:49:58.066Z"
  }
},
{
  "model": "finance.category",
  "pk": 15,
  "fields": {
    "name": "Alimentação",
    "type": "EXPENSE",
    "color": "",
    "group": "OTHER",
    "user": 2,
    "created_at": "2025-10-29T00:49:58.559Z"
  }
},
{
  "model": "finance.category",
  "pk": 16,
  "fields": {
    "name": "Transporte",
    "type": "EXPENSE",
    "color": "",
    "group": "OTHER",
    "user": 2,
    "created_at": "2025-10-29T00:49:59.125Z"
  }
},
{
  "model": "finance.category",
  "pk": 17,
  "fields": {
    "name": "Lazer",
    "type": "EXPENSE",
    "color": "",
    "group": "OTHER",
    "user": 2,
    "created_at": "2025-10-29T00:49:59.561Z"
  }
},
{
  "model": "finance.category",
  "pk": 18,
  "fields": {
    "name": "Moradia",
    "type": "EXPENSE",
    "color": "",
    "group": "OTHER",
    "user": 2,
    "created_at": "2025-10-29T00:49:59.996Z"
  }
},
{
  "model": "finance.category",
  "pk": 19,
  "fields": {
    "name": "Educação",
    "type": "EXPENSE",
    "color": "",
    "group": "OTHER",
    "user": 2,
    "created_at": "2025-10-29T00:50:00.430Z"
  }
},
{
  "model": "finance.category",
  "pk": 20,
  "fields": {
    "name": "Cartão",
    "type": "DEBT",
    "color": "",
    "group": "OTHER",
    "user": 2,
    "created_at": "2025-10-29T00:50:00.864Z"
  }
},
{
  "model": "finance.category",
  "pk": 21,
  "fields": {
    "name": "Empréstimo",
    "type": "DEBT",
    "color": "",
    "group": "OTHER",
    "user": 2,
    "created_at": "2025-10-29T00:50:01.302Z"
  }
},
{
  "model": "finance.category",
  "pk": 22,
  "fields": {
    "name": "Financiamento",
    "type": "DEBT",
    "color": "",
    "group": "OTHER",
    "user": 2,
    "created_at": "2025-10-29T00:50:01.738Z"
  }
},
{
  "model": "finance.category",
  "pk": 23,
  "fields": {
    "name": "Salário",
    "type": "INCOME",
    "color": "",
    "group": "OTHER",
    "user": 3,
    "created_at": "2025-10-29T00:50:19.167Z"
  }
},
{
  "model": "finance.category",
  "pk": 24,
  "fields": {
    "name": "Freela",
    "type": "INCOME",
    "color": "",
    "group": "OTHER",
    "user": 3,
    "created_at": "2025-10-29T00:50:19.641Z"
  }
},
{
  "model": "finance.category",
  "pk": 25,
  "fields": {
    "name": "Outros ganhos",
    "type": "INCOME",
    "color": "",
    "group": "OTHER",
    "user": 3,
    "created_at": "2025-10-29T00:50:20.332Z"
  }
},
{
  "model": "finance.category",
  "pk": 26,
  "fields": {
    "name": "Alimentação",
    "type": "EXPENSE",
    "color": "",
    "group": "OTHER",
    "user": 3,
    "created_at": "2025-10-29T00:50:21.179Z"
  }
},
{
  "model": "finance.category",
  "pk": 27,
  "fields": {
    "name": "Transporte",
    "type": "EXPENSE",
    "color": "",
    "group": "OTHER",
    "user": 3,
    "created_at": "2025-10-29T00:50:22.001Z"
  }
},
{
  "model": "finance.category",
  "pk": 28,
  "fields": {
    "name": "Lazer",
    "type": "EXPENSE",
    "color": "",
    "group": "OTHER",
    "user": 3,
    "created_at": "2025-10-29T00:50:22.941Z"
  }
},
{
  "model": "finance.category",
  "pk": 29,
  "fields": {
    "name": "Moradia",
    "type": "EXPENSE",
    "color": "",
    "group": "OTHER",
    "user": 3,
    "created_at": "2025-10-29T00:50:23.759Z"
  }
},
{
  "model": "finance.category",
  "pk": 30,
  "fields": {
    "name": "Educação",
    "type": "EXPENSE",
    "color": "",
    "group": "OTHER",
    "user": 3,
    "created_at": "2025-10-29T00:50:24.575Z"
  }
},
{
  "model": "finance.category",
  "pk": 31,
  "fields": {
    "name": "Cartão",
    "type": "DEBT",
    "color": "",
    "group": "OTHER",
    "user": 3,
    "created_at": "2025-10-29T00:50:25.270Z"
  }
},
{
  "model": "finance.category",
  "pk": 32,
  "fields": {
    "name": "Empréstimo",
    "type": "DEBT",
    "color": "",
    "group": "OTHER",
    "user": 3,
    "created_at": "2025-10-29T00:50:25.862Z"
  }
},
{
  "model": "finance.category",
  "pk": 33,
  "fields": {
    "name": "Financiamento",
    "type": "DEBT",
    "color": "",
    "group": "OTHER",
    "user": 3,
    "created_at": "2025-10-29T00:50:26.820Z"
  }
},
{
  "model": "finance.category",
  "pk": 47,
  "fields": {
    "name": "Salário",
    "type": "INCOME",
    "color": "",
    "group": "OTHER",
    "user": 5,
    "created_at": "2025-11-01T04:17:34.825Z"
  }
},
{
  "model": "finance.category",
  "pk": 48,
  "fields": {
    "name": "Freela",
    "type": "INCOME",
    "color": "",
    "group": "OTHER",
    "user": 5,
    "created_at": "2025-11-01T04:17:35.149Z"
  }
},
{
  "model": "finance.category",
  "pk": 49,
  "fields": {
    "name": "Outros ganhos",
    "type": "INCOME",
    "color": "",
    "group": "OTHER",
    "user": 5,
    "created_at": "2025-11-01T04:17:35.473Z"
  }
},
{
  "model": "finance.category",
  "pk": 50,
  "fields": {
    "name": "Alimentação",
    "type": "EXPENSE",
    "color": "",
    "group": "OTHER",
    "user": 5,
    "created_at": "2025-11-01T04:17:35.795Z"
  }
},
{
  "model": "finance.category",
  "pk": 51,
  "fields": {
    "name": "Transporte",
    "type": "EXPENSE",
    "color": "",
    "group": "OTHER",
    "user": 5,
    "created_at": "2025-11-01T04:17:36.118Z"
  }
},
{
  "model": "finance.category",
  "pk": 52,
  "fields": {
    "name": "Lazer",
    "type": "EXPENSE",
    "color": "",
    "group": "OTHER",
    "user": 5,
    "created_at": "2025-11-01T04:17:36.441Z"
  }
},
{
  "model": "finance.category",
  "pk": 53,
  "fields": {
    "name": "Moradia",
    "type": "EXPENSE",
    "color": "",
    "group": "OTHER",
    "user": 5,
    "created_at": "2025-11-01T04:17:36.764Z"
  }
},
{
  "model": "finance.category",
  "pk": 54,
  "fields": {
    "name": "Educação",
    "type": "EXPENSE",
    "color": "",
    "group": "OTHER",
    "user": 5,
    "created_at": "2025-11-01T04:17:37.087Z"
  }
},
{
  "model": "finance.category",
  "pk": 55,
  "fields": {
    "name": "Cartão",
    "type": "DEBT",
    "color": "",
    "group": "OTHER",
    "user": 5,
    "created_at": "2025-11-01T04:17:37.411Z"
  }
},
{
  "model": "finance.category",
  "pk": 56,
  "fields": {
    "name": "Empréstimo",
    "type": "DEBT",
    "color": "",
    "group": "OTHER",
    "user": 5,
    "created_at": "2025-11-01T04:17:37.735Z"
  }
},
{
  "model": "finance.category",
  "pk": 57,
  "fields": {
    "name": "Financiamento",
    "type": "DEBT",
    "color": "",
    "group": "OTHER",
    "user": 5,
    "created_at": "2025-11-01T04:17:38.061Z"
  }
},
{
  "model": "finance.category",
  "pk": 58,
  "fields": {
    "name": "Salário",
    "type": "INCOME",
    "color": "",
    "group": "OTHER",
    "user": 6,
    "created_at": "2025-11-01T14:11:40.556Z"
  }
},
{
  "model": "finance.category",
  "pk": 59,
  "fields": {
    "name": "Freela",
    "type": "INCOME",
    "color": "",
    "group": "OTHER",
    "user": 6,
    "created_at": "2025-11-01T14:11:40.931Z"
  }
},
{
  "model": "finance.category",
  "pk": 60,
  "fields": {
    "name": "Outros ganhos",
    "type": "INCOME",
    "color": "",
    "group": "OTHER",
    "user": 6,
    "created_at": "2025-11-01T14:11:41.250Z"
  }
},
{
  "model": "finance.category",
  "pk": 61,
  "fields": {
    "name": "Alimentação",
    "type": "EXPENSE",
    "color": "",
    "group": "OTHER",
    "user": 6,
    "created_at": "2025-11-01T14:11:41.570Z"
  }
},
{
  "model": "finance.category",
  "pk": 62,
  "fields": {
    "name": "Transporte",
    "type": "EXPENSE",
    "color": "",
    "group": "OTHER",
    "user": 6,
    "created_at": "2025-11-01T14:11:41.889Z"
  }
},
{
  "model": "finance.category",
  "pk": 63,
  "fields": {
    "name": "Lazer",
    "type": "EXPENSE",
    "color": "",
    "group": "OTHER",
    "user": 6,
    "created_at": "2025-11-01T14:11:42.207Z"
  }
},
{
  "model": "finance.category",
  "pk": 64,
  "fields": {
    "name": "Moradia",
    "type": "EXPENSE",
    "color": "",
    "group": "OTHER",
    "user": 6,
    "created_at": "2025-11-01T14:11:42.526Z"
  }
},
{
  "model": "finance.category",
  "pk": 65,
  "fields": {
    "name": "Educação",
    "type": "EXPENSE",
    "color": "",
    "group": "OTHER",
    "user": 6,
    "created_at": "2025-11-01T14:11:42.845Z"
  }
},
{
  "model": "finance.category",
  "pk": 66,
  "fields": {
    "name": "Cartão",
    "type": "DEBT",
    "color": "",
    "group": "OTHER",
    "user": 6,
    "created_at": "2025-11-01T14:11:43.211Z"
  }
},
{
  "model": "finance.category",
  "pk": 67,
  "fields": {
    "name": "Empréstimo",
    "type": "DEBT",
    "color": "",
    "group": "OTHER",
    "user": 6,
    "created_at": "2025-11-01T14:11:43.530Z"
  }
},
{
  "model": "finance.category",
  "pk": 68,
  "fields": {
    "name": "Financiamento",
    "type": "DEBT",
    "color": "",
    "group": "OTHER",
    "user": 6,
    "created_at": "2025-11-01T14:11:43.851Z"
  }
},
{
  "model": "finance.category",
  "pk": 132,
  "fields": {
    "name": "Salário",
    "type": "INCOME",
    "color": "#4CAF50",
    "group": "REGULAR_INCOME",
    "user": null,
    "created_at": "2025-11-04T01:10:17.449Z"
  }
},
{
  "model": "finance.category",
  "pk": 133,
  "fields": {
    "name": "Pensão",
    "type": "INCOME",
    "color": "#66BB6A",
    "group": "REGULAR_INCOME",
    "user": null,
    "created_at": "2025-11-04T01:10:17.559Z"
  }
},
{
  "model": "finance.category",
  "pk": 134,
  "fields": {
    "name": "Aposentadoria",
    "type": "INCOME",
    "color": "#81C784",
    "group": "REGULAR_INCOME",
    "user": null,
    "created_at": "2025-11-04T01:10:17.666Z"
  }
},
{
  "model": "finance.category",
  "pk": 135,
  "fields": {
    "name": "Freela",
    "type": "INCOME",
    "color": "#9CCC65",
    "group": "EXTRA_INCOME",
    "user": null,
    "created_at": "2025-11-04T01:10:17.773Z"
  }
},
{
  "model": "finance.category",
  "pk": 136,
  "fields": {
    "name": "Bico",
    "type": "INCOME",
    "color": "#AED581",
    "group": "EXTRA_INCOME",
    "user": null,
    "created_at": "2025-11-04T01:10:17.880Z"
  }
},
{
  "model": "finance.category",
  "pk": 137,
  "fields": {
    "name": "Venda",
    "type": "INCOME",
    "color": "#C5E1A5",
    "group": "EXTRA_INCOME",
    "user": null,
    "created_at": "2025-11-04T01:10:17.995Z"
  }
},
{
  "model": "finance.category",
  "pk": 138,
  "fields": {
    "name": "Prêmio",
    "type": "INCOME",
    "color": "#DCE775",
    "group": "EXTRA_INCOME",
    "user": null,
    "created_at": "2025-11-04T01:10:18.116Z"
  }
},
{
  "model": "finance.category",
  "pk": 139,
  "fields": {
    "name": "Rendimento Investimento",
    "type": "INCOME",
    "color": "#FDD835",
    "group": "INVESTMENT",
    "user": null,
    "created_at": "2025-11-04T01:10:18.223Z"
  }
},
{
  "model": "finance.category",
  "pk": 140,
  "fields": {
    "name": "Dividendos",
    "type": "INCOME",
    "color": "#FFEB3B",
    "group": "INVESTMENT",
    "user": null,
    "created_at": "2025-11-04T01:10:18.331Z"
  }
},
{
  "model": "finance.category",
  "pk": 141,
  "fields": {
    "name": "Resgate Investimento",
    "type": "INCOME",
    "color": "#FFF176",
    "group": "INVESTMENT",
    "user": null,
    "created_at": "2025-11-04T01:10:18.438Z"
  }
},
{
  "model": "finance.category",
  "pk": 142,
  "fields": {
    "name": "Restituição",
    "type": "INCOME",
    "color": "#B0BEC5",
    "group": "OTHER",
    "user": null,
    "created_at": "2025-11-04T01:10:18.545Z"
  }
},
{
  "model": "finance.category",
  "pk": 143,
  "fields": {
    "name": "Outros ganhos",
    "type": "INCOME",
    "color": "#CFD8DC",
    "group": "OTHER",
    "user": null,
    "created_at": "2025-11-04T01:10:18.655Z"
  }
},
{
  "model": "finance.category",
  "pk": 144,
  "fields": {
    "name": "Moradia",
    "type": "EXPENSE",
    "color": "#F44336",
    "group": "ESSENTIAL_EXPENSE",
    "user": null,
    "created_at": "2025-11-04T01:10:18.761Z"
  }
},
{
  "model": "finance.category",
  "pk": 145,
  "fields": {
    "name": "Aluguel",
    "type": "EXPENSE",
    "color": "#EF5350",
    "group": "ESSENTIAL_EXPENSE",
    "user": null,
    "created_at": "2025-11-04T01:10:18.871Z"
  }
},
{
  "model": "finance.category",
  "pk": 146,
  "fields": {
    "name": "Condomínio",
    "type": "EXPENSE",
    "color": "#E57373",
    "group": "ESSENTIAL_EXPENSE",
    "user": null,
    "created_at": "2025-11-04T01:10:18.978Z"
  }
},
{
  "model": "finance.category",
  "pk": 147,
  "fields": {
    "name": "Luz",
    "type": "EXPENSE",
    "color": "#EF9A9A",
    "group": "ESSENTIAL_EXPENSE",
    "user": null,
    "created_at": "2025-11-04T01:10:19.085Z"
  }
},
{
  "model": "finance.category",
  "pk": 148,
  "fields": {
    "name": "Água",
    "type": "EXPENSE",
    "color": "#2196F3",
    "group": "ESSENTIAL_EXPENSE",
    "user": null,
    "created_at": "2025-11-04T01:10:19.192Z"
  }
},
{
  "model": "finance.category",
  "pk": 149,
  "fields": {
    "name": "Gás",
    "type": "EXPENSE",
    "color": "#FFAB91",
    "group": "ESSENTIAL_EXPENSE",
    "user": null,
    "created_at": "2025-11-04T01:10:19.298Z"
  }
},
{
  "model": "finance.category",
  "pk": 150,
  "fields": {
    "name": "Internet",
    "type": "EXPENSE",
    "color": "#64B5F6",
    "group": "ESSENTIAL_EXPENSE",
    "user": null,
    "created_at": "2025-11-04T01:10:19.408Z"
  }
},
{
  "model": "finance.category",
  "pk": 151,
  "fields": {
    "name": "Telefone",
    "type": "EXPENSE",
    "color": "#42A5F5",
    "group": "ESSENTIAL_EXPENSE",
    "user": null,
    "created_at": "2025-11-04T01:10:19.513Z"
  }
},
{
  "model": "finance.category",
  "pk": 152,
  "fields": {
    "name": "Alimentação",
    "type": "EXPENSE",
    "color": "#FF9800",
    "group": "ESSENTIAL_EXPENSE",
    "user": null,
    "created_at": "2025-11-04T01:10:19.621Z"
  }
},
{
  "model": "finance.category",
  "pk": 153,
  "fields": {
    "name": "Mercado",
    "type": "EXPENSE",
    "color": "#FFB74D",
    "group": "ESSENTIAL_EXPENSE",
    "user": null,
    "created_at": "2025-11-04T01:10:19.728Z"
  }
},
{
  "model": "finance.category",
  "pk": 154,
  "fields": {
    "name": "Transporte",
    "type": "EXPENSE",
    "color": "#9C27B0",
    "group": "ESSENTIAL_EXPENSE",
    "user": null,
    "created_at": "2025-11-04T01:10:19.835Z"
  }
},
{
  "model": "finance.category",
  "pk": 155,
  "fields": {
    "name": "Combustível",
    "type": "EXPENSE",
    "color": "#AB47BC",
    "group": "ESSENTIAL_EXPENSE",
    "user": null,
    "created_at": "2025-11-04T01:10:19.942Z"
  }
},
{
  "model": "finance.category",
  "pk": 156,
  "fields": {
    "name": "Transporte público",
    "type": "EXPENSE",
    "color": "#BA68C8",
    "group": "ESSENTIAL_EXPENSE",
    "user": null,
    "created_at": "2025-11-04T01:10:20.050Z"
  }
},
{
  "model": "finance.category",
  "pk": 157,
  "fields": {
    "name": "Saúde",
    "type": "EXPENSE",
    "color": "#E91E63",
    "group": "ESSENTIAL_EXPENSE",
    "user": null,
    "created_at": "2025-11-04T01:10:20.156Z"
  }
},
{
  "model": "finance.category",
  "pk": 158,
  "fields": {
    "name": "Plano de saúde",
    "type": "EXPENSE",
    "color": "#EC407A",
    "group": "ESSENTIAL_EXPENSE",
    "user": null,
    "created_at": "2025-11-04T01:10:20.263Z"
  }
},
{
  "model": "finance.category",
  "pk": 159,
  "fields": {
    "name": "Remédios",
    "type": "EXPENSE",
    "color": "#F06292",
    "group": "ESSENTIAL_EXPENSE",
    "user": null,
    "created_at": "2025-11-04T01:10:20.371Z"
  }
},
{
  "model": "finance.category",
  "pk": 160,
  "fields": {
    "name": "Educação",
    "type": "EXPENSE",
    "color": "#3F51B5",
    "group": "ESSENTIAL_EXPENSE",
    "user": null,
    "created_at": "2025-11-04T01:10:20.478Z"
  }
},
{
  "model": "finance.category",
  "pk": 161,
  "fields": {
    "name": "Mensalidade escolar",
    "type": "EXPENSE",
    "color": "#5C6BC0",
    "group": "ESSENTIAL_EXPENSE",
    "user": null,
    "created_at": "2025-11-04T01:10:20.587Z"
  }
},
{
  "model": "finance.category",
  "pk": 162,
  "fields": {
    "name": "Material escolar",
    "type": "EXPENSE",
    "color": "#7986CB",
    "group": "ESSENTIAL_EXPENSE",
    "user": null,
    "created_at": "2025-11-04T01:10:20.695Z"
  }
},
{
  "model": "finance.category",
  "pk": 163,
  "fields": {
    "name": "Lazer",
    "type": "EXPENSE",
    "color": "#00BCD4",
    "group": "LIFESTYLE_EXPENSE",
    "user": null,
    "created_at": "2025-11-04T01:10:20.810Z"
  }
},
{
  "model": "finance.category",
  "pk": 164,
  "fields": {
    "name": "Restaurante",
    "type": "EXPENSE",
    "color": "#26C6DA",
    "group": "LIFESTYLE_EXPENSE",
    "user": null,
    "created_at": "2025-11-04T01:10:20.921Z"
  }
},
{
  "model": "finance.category",
  "pk": 165,
  "fields": {
    "name": "Cinema",
    "type": "EXPENSE",
    "color": "#4DD0E1",
    "group": "LIFESTYLE_EXPENSE",
    "user": null,
    "created_at": "2025-11-04T01:10:21.028Z"
  }
},
{
  "model": "finance.category",
  "pk": 166,
  "fields": {
    "name": "Streaming",
    "type": "EXPENSE",
    "color": "#80DEEA",
    "group": "LIFESTYLE_EXPENSE",
    "user": null,
    "created_at": "2025-11-04T01:10:21.135Z"
  }
},
{
  "model": "finance.category",
  "pk": 167,
  "fields": {
    "name": "Academia",
    "type": "EXPENSE",
    "color": "#4DB6AC",
    "group": "LIFESTYLE_EXPENSE",
    "user": null,
    "created_at": "2025-11-04T01:10:21.244Z"
  }
},
{
  "model": "finance.category",
  "pk": 168,
  "fields": {
    "name": "Viagem",
    "type": "EXPENSE",
    "color": "#009688",
    "group": "LIFESTYLE_EXPENSE",
    "user": null,
    "created_at": "2025-11-04T01:10:21.351Z"
  }
},
{
  "model": "finance.category",
  "pk": 169,
  "fields": {
    "name": "Roupas",
    "type": "EXPENSE",
    "color": "#E1BEE7",
    "group": "LIFESTYLE_EXPENSE",
    "user": null,
    "created_at": "2025-11-04T01:10:21.457Z"
  }
},
{
  "model": "finance.category",
  "pk": 170,
  "fields": {
    "name": "Beleza",
    "type": "EXPENSE",
    "color": "#CE93D8",
    "group": "LIFESTYLE_EXPENSE",
    "user": null,
    "created_at": "2025-11-04T01:10:21.564Z"
  }
},
{
  "model": "finance.category",
  "pk": 171,
  "fields": {
    "name": "Pet",
    "type": "EXPENSE",
    "color": "#BCAAA4",
    "group": "LIFESTYLE_EXPENSE",
    "user": null,
    "created_at": "2025-11-04T01:10:21.671Z"
  }
},
{
  "model": "finance.category",
  "pk": 172,
  "fields": {
    "name": "Presente",
    "type": "EXPENSE",
    "color": "#FF6F00",
    "group": "LIFESTYLE_EXPENSE",
    "user": null,
    "created_at": "2025-11-04T01:10:21.780Z"
  }
},
{
  "model": "finance.category",
  "pk": 173,
  "fields": {
    "name": "Reserva de Emergência",
    "type": "INCOME",
    "color": "#8BC34A",
    "group": "SAVINGS",
    "user": null,
    "created_at": "2025-11-04T01:10:21.888Z"
  }
},
{
  "model": "finance.category",
  "pk": 174,
  "fields": {
    "name": "Poupança",
    "type": "INCOME",
    "color": "#9CCC65",
    "group": "SAVINGS",
    "user": null,
    "created_at": "2025-11-04T01:10:21.995Z"
  }
},
{
  "model": "finance.category",
  "pk": 175,
  "fields": {
    "name": "Investimento",
    "type": "EXPENSE",
    "color": "#FFC107",
    "group": "INVESTMENT",
    "user": null,
    "created_at": "2025-11-04T01:10:22.107Z"
  }
},
{
  "model": "finance.category",
  "pk": 176,
  "fields": {
    "name": "Ações",
    "type": "EXPENSE",
    "color": "#FFD54F",
    "group": "INVESTMENT",
    "user": null,
    "created_at": "2025-11-04T01:10:22.215Z"
  }
},
{
  "model": "finance.category",
  "pk": 177,
  "fields": {
    "name": "Fundos",
    "type": "EXPENSE",
    "color": "#FFE082",
    "group": "INVESTMENT",
    "user": null,
    "created_at": "2025-11-04T01:10:22.321Z"
  }
},
{
  "model": "finance.category",
  "pk": 178,
  "fields": {
    "name": "Tesouro Direto",
    "type": "EXPENSE",
    "color": "#FFECB3",
    "group": "INVESTMENT",
    "user": null,
    "created_at": "2025-11-04T01:10:22.429Z"
  }
},
{
  "model": "finance.category",
  "pk": 179,
  "fields": {
    "name": "Previdência",
    "type": "EXPENSE",
    "color": "#FFF9C4",
    "group": "INVESTMENT",
    "user": null,
    "created_at": "2025-11-04T01:10:22.537Z"
  }
},
{
  "model": "finance.category",
  "pk": 180,
  "fields": {
    "name": "Meta Casa",
    "type": "EXPENSE",
    "color": "#795548",
    "group": "GOAL",
    "user": null,
    "created_at": "2025-11-04T01:10:22.644Z"
  }
},
{
  "model": "finance.category",
  "pk": 181,
  "fields": {
    "name": "Meta Carro",
    "type": "EXPENSE",
    "color": "#8D6E63",
    "group": "GOAL",
    "user": null,
    "created_at": "2025-11-04T01:10:22.751Z"
  }
},
{
  "model": "finance.category",
  "pk": 182,
  "fields": {
    "name": "Meta Viagem",
    "type": "EXPENSE",
    "color": "#A1887F",
    "group": "GOAL",
    "user": null,
    "created_at": "2025-11-04T01:10:22.859Z"
  }
},
{
  "model": "finance.category",
  "pk": 183,
  "fields": {
    "name": "Meta Casamento",
    "type": "EXPENSE",
    "color": "#D7CCC8",
    "group": "GOAL",
    "user": null,
    "created_at": "2025-11-04T01:10:22.968Z"
  }
},
{
  "model": "finance.category",
  "pk": 184,
  "fields": {
    "name": "Outros gastos",
    "type": "EXPENSE",
    "color": "#90A4AE",
    "group": "OTHER",
    "user": null,
    "created_at": "2025-11-04T01:10:23.076Z"
  }
},
{
  "model": "finance.category",
  "pk": 185,
  "fields": {
    "name": "Imposto",
    "type": "EXPENSE",
    "color": "#78909C",
    "group": "OTHER",
    "user": null,
    "created_at": "2025-11-04T01:10:23.182Z"
  }
},
{
  "model": "finance.category",
  "pk": 186,
  "fields": {
    "name": "Cartão de Crédito",
    "type": "DEBT",
    "color": "#D32F2F",
    "group": "DEBT",
    "user": null,
    "created_at": "2025-11-04T01:10:23.291Z"
  }
},
{
  "model": "finance.category",
  "pk": 187,
  "fields": {
    "name": "Empréstimo Pessoal",
    "type": "DEBT",
    "color": "#C62828",
    "group": "DEBT",
    "user": null,
    "created_at": "2025-11-04T01:10:23.429Z"
  }
},
{
  "model": "finance.category",
  "pk": 188,
  "fields": {
    "name": "Financiamento Carro",
    "type": "DEBT",
    "color": "#B71C1C",
    "group": "DEBT",
    "user": null,
    "created_at": "2025-11-04T01:10:23.537Z"
  }
},
{
  "model": "finance.category",
  "pk": 189,
  "fields": {
    "name": "Financiamento Casa",
    "type": "DEBT",
    "color": "#F44336",
    "group": "DEBT",
    "user": null,
    "created_at": "2025-11-04T01:10:23.656Z"
  }
},
{
  "model": "finance.category",
  "pk": 190,
  "fields": {
    "name": "Empréstimo Consignado",
    "type": "DEBT",
    "color": "#E53935",
    "group": "DEBT",
    "user": null,
    "created_at": "2025-11-04T01:10:23.788Z"
  }
},
{
  "model": "finance.category",
  "pk": 191,
  "fields": {
    "name": "Cheque Especial",
    "type": "DEBT",
    "color": "#EF5350",
    "group": "DEBT",
    "user": null,
    "created_at": "2025-11-04T01:10:23.894Z"
  }
},
{
  "model": "finance.category",
  "pk": 192,
  "fields": {
    "name": "Outras Dívidas",
    "type": "DEBT",
    "color": "#E57373",
    "group": "DEBT",
    "user": null,
    "created_at": "2025-11-04T01:10:24.002Z"
  }
},
{
  "model": "finance.transaction",
  "pk": 13,
  "fields": {
    "uuid": "f69711fe-45ad-415e-bb7c-65925ba87e7e",
    "user": 8,
    "category": 134,
    "type": "INCOME",
    "description": "Transação de teste 1",
    "amount": "100.00",
    "date": "2025-11-03",
    "is_recurring": false,
    "recurrence_value": null,
    "recurrence_unit": null,
    "recurrence_end_date": null,
    "created_at": "2025-11-04T01:26:10.813Z",
    "updated_at": "2025-11-04T01:26:10.813Z"
  }
},
{
  "model": "finance.transaction",
  "pk": 14,
  "fields": {
    "uuid": "5c2f68b7-3532-48fc-ac9f-fa07a1f8f8b7",
    "user": 8,
    "category": 167,
    "type": "EXPENSE",
    "description": "Transação de teste 2",
    "amount": "100.00",
    "date": "2025-11-03",
    "is_recurring": false,
    "recurrence_value": null,
    "recurrence_unit": null,
    "recurrence_end_date": null,
    "created_at": "2025-11-04T01:26:12.565Z",
    "updated_at": "2025-11-04T01:26:12.565Z"
  }
},
{
  "model": "finance.transaction",
  "pk": 15,
  "fields": {
    "uuid": "f5558e44-ed96-4412-bc8f-a13a712a2ad4",
    "user": 8,
    "category": 134,
    "type": "INCOME",
    "description": "Transação de teste 3",
    "amount": "100.00",
    "date": "2025-11-03",
    "is_recurring": false,
    "recurrence_value": null,
    "recurrence_unit": null,
    "recurrence_end_date": null,
    "created_at": "2025-11-04T01:26:14.304Z",
    "updated_at": "2025-11-04T01:26:14.304Z"
  }
},
{
  "model": "finance.transaction",
  "pk": 16,
  "fields": {
    "uuid": "703e095b-cfda-40ae-81c8-fc7cac9cddd2",
    "user": 8,
    "category": 167,
    "type": "EXPENSE",
    "description": "Transação de teste 4",
    "amount": "100.00",
    "date": "2025-11-03",
    "is_recurring": false,
    "recurrence_value": null,
    "recurrence_unit": null,
    "recurrence_end_date": null,
    "created_at": "2025-11-04T01:26:16.078Z",
    "updated_at": "2025-11-04T01:26:16.078Z"
  }
},
{
  "model": "finance.transaction",
  "pk": 17,
  "fields": {
    "uuid": "42371dac-91db-46be-b4eb-c6f2c278df52",
    "user": 8,
    "category": 134,
    "type": "INCOME",
    "description": "Transação de teste 5",
    "amount": "100.00",
    "date": "2025-11-03",
    "is_recurring": false,
    "recurrence_value": null,
    "recurrence_unit": null,
    "recurrence_end_date": null,
    "created_at": "2025-11-04T01:26:17.795Z",
    "updated_at": "2025-11-04T01:26:17.795Z"
  }
},
{
  "model": "finance.transaction",
  "pk": 18,
  "fields": {
    "uuid": "c64721fa-1fe5-4703-b1e9-1e71c7ac30fe",
    "user": 8,
    "category": 167,
    "type": "EXPENSE",
    "description": "Transação de teste 6",
    "amount": "100.00",
    "date": "2025-11-03",
    "is_recurring": false,
    "recurrence_value": null,
    "recurrence_unit": null,
    "recurrence_end_date": null,
    "created_at": "2025-11-04T01:26:20.726Z",
    "updated_at": "2025-11-04T01:26:20.726Z"
  }
},
{
  "model": "finance.transaction",
  "pk": 19,
  "fields": {
    "uuid": "3e94d165-2b06-434b-ae9d-85c0dd1c5bce",
    "user": 8,
    "category": 134,
    "type": "INCOME",
    "description": "Transação de teste 7",
    "amount": "100.00",
    "date": "2025-11-03",
    "is_recurring": false,
    "recurrence_value": null,
    "recurrence_unit": null,
    "recurrence_end_date": null,
    "created_at": "2025-11-04T01:26:22.459Z",
    "updated_at": "2025-11-04T01:26:22.459Z"
  }
},
{
  "model": "finance.transaction",
  "pk": 20,
  "fields": {
    "uuid": "cf279940-3c43-4302-805b-807d6061f544",
    "user": 8,
    "category": 167,
    "type": "EXPENSE",
    "description": "Transação de teste 8",
    "amount": "100.00",
    "date": "2025-11-03",
    "is_recurring": false,
    "recurrence_value": null,
    "recurrence_unit": null,
    "recurrence_end_date": null,
    "created_at": "2025-11-04T01:26:24.242Z",
    "updated_at": "2025-11-04T01:26:24.242Z"
  }
},
{
  "model": "finance.transaction",
  "pk": 21,
  "fields": {
    "uuid": "3a3a5d62-a76a-4c31-8a3a-1c547d940739",
    "user": 8,
    "category": 134,
    "type": "INCOME",
    "description": "Transação de teste 9",
    "amount": "100.00",
    "date": "2025-11-03",
    "is_recurring": false,
    "recurrence_value": null,
    "recurrence_unit": null,
    "recurrence_end_date": null,
    "created_at": "2025-11-04T01:26:25.973Z",
    "updated_at": "2025-11-04T01:26:25.973Z"
  }
},
{
  "model": "finance.transaction",
  "pk": 22,
  "fields": {
    "uuid": "24feca2c-5c4c-4c60-87b8-d77421686a59",
    "user": 8,
    "category": 167,
    "type": "EXPENSE",
    "description": "Transação de teste 10",
    "amount": "100.00",
    "date": "2025-11-03",
    "is_recurring": false,
    "recurrence_value": null,
    "recurrence_unit": null,
    "recurrence_end_date": null,
    "created_at": "2025-11-04T01:26:27.704Z",
    "updated_at": "2025-11-04T01:26:27.704Z"
  }
},
{
  "model": "finance.transaction",
  "pk": 23,
  "fields": {
    "uuid": "dd677c8e-21c5-4cd1-94f2-2b03f8684454",
    "user": 8,
    "category": 174,
    "type": "INCOME",
    "description": "Aporte reserva 1",
    "amount": "1000.00",
    "date": "2025-11-03",
    "is_recurring": false,
    "recurrence_value": null,
    "recurrence_unit": null,
    "recurrence_end_date": null,
    "created_at": "2025-11-04T01:26:33.942Z",
    "updated_at": "2025-11-04T01:26:33.942Z"
  }
},
{
  "model": "finance.transaction",
  "pk": 24,
  "fields": {
    "uuid": "d4145f39-c63a-4e3d-86f7-ca9a704739e8",
    "user": 8,
    "category": 174,
    "type": "INCOME",
    "description": "Aporte reserva 2",
    "amount": "1000.00",
    "date": "2025-11-03",
    "is_recurring": false,
    "recurrence_value": null,
    "recurrence_unit": null,
    "recurrence_end_date": null,
    "created_at": "2025-11-04T01:26:35.988Z",
    "updated_at": "2025-11-04T01:26:35.988Z"
  }
},
{
  "model": "finance.transaction",
  "pk": 25,
  "fields": {
    "uuid": "9c35bac2-070d-4b11-a7a2-429a06447a75",
    "user": 8,
    "category": 174,
    "type": "INCOME",
    "description": "Aporte reserva 3",
    "amount": "1000.00",
    "date": "2025-11-03",
    "is_recurring": false,
    "recurrence_value": null,
    "recurrence_unit": null,
    "recurrence_end_date": null,
    "created_at": "2025-11-04T01:26:37.770Z",
    "updated_at": "2025-11-04T01:26:37.770Z"
  }
},
{
  "model": "finance.transaction",
  "pk": 26,
  "fields": {
    "uuid": "b0e8a2b7-7ec0-40ae-bfc4-1fc546da7262",
    "user": 8,
    "category": 174,
    "type": "INCOME",
    "description": "Aporte reserva 4",
    "amount": "1000.00",
    "date": "2025-11-03",
    "is_recurring": false,
    "recurrence_value": null,
    "recurrence_unit": null,
    "recurrence_end_date": null,
    "created_at": "2025-11-04T01:26:39.506Z",
    "updated_at": "2025-11-04T01:26:39.506Z"
  }
},
{
  "model": "finance.transaction",
  "pk": 27,
  "fields": {
    "uuid": "3d1bcc5c-9ed6-4f74-8e87-49c213331c9f",
    "user": 8,
    "category": 174,
    "type": "INCOME",
    "description": "Aporte reserva 5",
    "amount": "1000.00",
    "date": "2025-11-03",
    "is_recurring": false,
    "recurrence_value": null,
    "recurrence_unit": null,
    "recurrence_end_date": null,
    "created_at": "2025-11-04T01:26:41.237Z",
    "updated_at": "2025-11-04T01:26:41.237Z"
  }
},
{
  "model": "finance.transaction",
  "pk": 34,
  "fields": {
    "uuid": "0b5c9c73-e054-4433-943a-6160c982c822",
    "user": 9,
    "category": 132,
    "type": "INCOME",
    "description": "Salario",
    "amount": "1850.00",
    "date": "2025-11-05",
    "is_recurring": true,
    "recurrence_value": 1,
    "recurrence_unit": "MONTHS",
    "recurrence_end_date": null,
    "created_at": "2025-11-04T14:48:53.902Z",
    "updated_at": "2025-11-04T14:48:53.902Z"
  }
},
{
  "model": "finance.transaction",
  "pk": 35,
  "fields": {
    "uuid": "92acdcbf-986f-447e-817e-f2203a1b2830",
    "user": 9,
    "category": 152,
    "type": "EXPENSE",
    "description": "compra do mes",
    "amount": "200.00",
    "date": "2025-11-04",
    "is_recurring": true,
    "recurrence_value": 1,
    "recurrence_unit": "MONTHS",
    "recurrence_end_date": null,
    "created_at": "2025-11-04T15:03:21.646Z",
    "updated_at": "2025-11-04T15:03:21.646Z"
  }
},
{
  "model": "finance.transaction",
  "pk": 36,
  "fields": {
    "uuid": "db81a77e-266f-4fe2-ad03-52aa6fa25949",
    "user": 9,
    "category": 167,
    "type": "EXPENSE",
    "description": "Pagamento da academia",
    "amount": "70.00",
    "date": "2025-11-04",
    "is_recurring": true,
    "recurrence_value": 1,
    "recurrence_unit": "MONTHS",
    "recurrence_end_date": null,
    "created_at": "2025-11-04T15:07:31.146Z",
    "updated_at": "2025-11-04T15:07:31.146Z"
  }
},
{
  "model": "finance.transaction",
  "pk": 37,
  "fields": {
    "uuid": "8ef5403e-363a-4158-83d0-7dda2d58afc8",
    "user": 11,
    "category": 134,
    "type": "INCOME",
    "description": "Salário",
    "amount": "1000.00",
    "date": "2025-11-04",
    "is_recurring": false,
    "recurrence_value": null,
    "recurrence_unit": null,
    "recurrence_end_date": null,
    "created_at": "2025-11-04T15:36:41.940Z",
    "updated_at": "2025-11-04T15:36:41.940Z"
  }
},
{
  "model": "finance.transaction",
  "pk": 38,
  "fields": {
    "uuid": "440795e8-405f-4b7f-b06b-ecfa2cfc1f53",
    "user": 11,
    "category": 174,
    "type": "INCOME",
    "description": "Reserva de Emergência",
    "amount": "500.00",
    "date": "2025-11-04",
    "is_recurring": false,
    "recurrence_value": null,
    "recurrence_unit": null,
    "recurrence_end_date": null,
    "created_at": "2025-11-04T15:36:44.683Z",
    "updated_at": "2025-11-04T15:36:44.683Z"
  }
},
{
  "model": "finance.transaction",
  "pk": 39,
  "fields": {
    "uuid": "6c0eda76-3d13-4e67-9c33-362019d4fb33",
    "user": 11,
    "category": 174,
    "type": "INCOME",
    "description": "Poupança",
    "amount": "300.00",
    "date": "2025-11-04",
    "is_recurring": false,
    "recurrence_value": null,
    "recurrence_unit": null,
    "recurrence_end_date": null,
    "created_at": "2025-11-04T15:36:48.111Z",
    "updated_at": "2025-11-04T15:36:48.111Z"
  }
},
{
  "model": "finance.transaction",
  "pk": 40,
  "fields": {
    "uuid": "273539ee-810b-45db-b9bc-ae079d9c9758",
    "user": 11,
    "category": 148,
    "type": "EXPENSE",
    "description": "Alimentação",
    "amount": "200.00",
    "date": "2025-11-04",
    "is_recurring": false,
    "recurrence_value": null,
    "recurrence_unit": null,
    "recurrence_end_date": null,
    "created_at": "2025-11-04T15:36:51.547Z",
    "updated_at": "2025-11-04T15:36:51.547Z"
  }
},
{
  "model": "finance.transaction",
  "pk": 41,
  "fields": {
    "uuid": "9a14bd17-faa6-4d61-9caf-1988eca7c0db",
    "user": 11,
    "category": 167,
    "type": "EXPENSE",
    "description": "Academia",
    "amount": "70.00",
    "date": "2025-11-04",
    "is_recurring": false,
    "recurrence_value": null,
    "recurrence_unit": null,
    "recurrence_end_date": null,
    "created_at": "2025-11-04T15:36:54.895Z",
    "updated_at": "2025-11-04T15:36:54.895Z"
  }
},
{
  "model": "finance.transaction",
  "pk": 42,
  "fields": {
    "uuid": "995ea753-8522-4f6f-a92f-cb4fc801dd3b",
    "user": 11,
    "category": 148,
    "type": "EXPENSE",
    "description": "Conta de Luz",
    "amount": "100.00",
    "date": "2025-11-04",
    "is_recurring": false,
    "recurrence_value": null,
    "recurrence_unit": null,
    "recurrence_end_date": null,
    "created_at": "2025-11-04T15:36:58.876Z",
    "updated_at": "2025-11-04T15:36:58.876Z"
  }
},
{
  "model": "finance.transaction",
  "pk": 43,
  "fields": {
    "uuid": "bf239d33-3dc1-449a-93f6-f384d38d3573",
    "user": 11,
    "category": 148,
    "type": "EXPENSE",
    "description": "Conta de Água",
    "amount": "60.00",
    "date": "2025-11-04",
    "is_recurring": false,
    "recurrence_value": null,
    "recurrence_unit": null,
    "recurrence_end_date": null,
    "created_at": "2025-11-04T15:37:02.216Z",
    "updated_at": "2025-11-04T15:37:02.216Z"
  }
},
{
  "model": "finance.transaction",
  "pk": 44,
  "fields": {
    "uuid": "54d5b17c-cd74-47ab-8d60-63b7e3deacf8",
    "user": 9,
    "category": 136,
    "type": "INCOME",
    "description": "Diária da Obra",
    "amount": "150.00",
    "date": "2025-11-04",
    "is_recurring": false,
    "recurrence_value": null,
    "recurrence_unit": null,
    "recurrence_end_date": null,
    "created_at": "2025-11-04T18:18:05.887Z",
    "updated_at": "2025-11-04T18:18:05.887Z"
  }
},
{
  "model": "finance.transaction",
  "pk": 45,
  "fields": {
    "uuid": "24867863-44e0-43e7-b121-c0e59035c346",
    "user": 9,
    "category": 174,
    "type": "INCOME",
    "description": "Poupança Nubank",
    "amount": "1300.00",
    "date": "2025-11-04",
    "is_recurring": false,
    "recurrence_value": null,
    "recurrence_unit": null,
    "recurrence_end_date": null,
    "created_at": "2025-11-04T23:05:16.524Z",
    "updated_at": "2025-11-04T23:05:16.524Z"
  }
},
{
  "model": "finance.transaction",
  "pk": 46,
  "fields": {
    "uuid": "effaeef8-ae93-4da6-a022-1f143105ab04",
    "user": 9,
    "category": 141,
    "type": "INCOME",
    "description": "Pix Tigrinho",
    "amount": "1000.00",
    "date": "2025-11-04",
    "is_recurring": false,
    "recurrence_value": null,
    "recurrence_unit": null,
    "recurrence_end_date": null,
    "created_at": "2025-11-04T23:16:02.895Z",
    "updated_at": "2025-11-04T23:16:02.895Z"
  }
},
{
  "model": "finance.transaction",
  "pk": 47,
  "fields": {
    "uuid": "c3cf33cf-22f1-4d71-a517-0d6557b589b2",
    "user": 9,
    "category": 139,
    "type": "INCOME",
    "description": "Rendimentos Leãozinho",
    "amount": "1500.00",
    "date": "2025-11-04",
    "is_recurring": false,
    "recurrence_value": null,
    "recurrence_unit": null,
    "recurrence_end_date": null,
    "created_at": "2025-11-04T23:17:31.474Z",
    "updated_at": "2025-11-04T23:17:31.474Z"
  }
},
{
  "model": "finance.transaction",
  "pk": 48,
  "fields": {
    "uuid": "1fc33961-ae80-40e5-a8b9-53cf8685038a",
    "user": 9,
    "category": 139,
    "type": "INCOME",
    "description": "Teste",
    "amount": "2200.00",
    "date": "2025-11-04",
    "is_recurring": false,
    "recurrence_value": null,
    "recurrence_unit": null,
    "recurrence_end_date": null,
    "created_at": "2025-11-04T23:18:44.820Z",
    "updated_at": "2025-11-04T23:18:44.820Z"
  }
},
{
  "model": "finance.transaction",
  "pk": 49,
  "fields": {
    "uuid": "56667c55-2ad6-4ee5-9d09-18614e7353e1",
    "user": 9,
    "category": 175,
    "type": "EXPENSE",
    "description": "Vitória do Mirasol",
    "amount": "100.00",
    "date": "2025-11-04",
    "is_recurring": false,
    "recurrence_value": null,
    "recurrence_unit": null,
    "recurrence_end_date": null,
    "created_at": "2025-11-05T01:08:55.370Z",
    "updated_at": "2025-11-05T01:08:55.370Z"
  }
},
{
  "model": "finance.transaction",
  "pk": 50,
  "fields": {
    "uuid": "2baf05d3-7089-44a5-aace-f6647225b92b",
    "user": 9,
    "category": 167,
    "type": "EXPENSE",
    "description": "teste",
    "amount": "100.00",
    "date": "2025-11-05",
    "is_recurring": false,
    "recurrence_value": null,
    "recurrence_unit": null,
    "recurrence_end_date": null,
    "created_at": "2025-11-05T10:42:20.312Z",
    "updated_at": "2025-11-05T10:42:20.312Z"
  }
},
{
  "model": "finance.transaction",
  "pk": 51,
  "fields": {
    "uuid": "bcb61149-307b-496e-ac14-4f040ee537de",
    "user": 9,
    "category": 136,
    "type": "INCOME",
    "description": "teste",
    "amount": "150.00",
    "date": "2025-11-05",
    "is_recurring": false,
    "recurrence_value": null,
    "recurrence_unit": null,
    "recurrence_end_date": null,
    "created_at": "2025-11-05T23:13:15.304Z",
    "updated_at": "2025-11-05T23:13:15.304Z"
  }
},
{
  "model": "finance.transaction",
  "pk": 52,
  "fields": {
    "uuid": "d3c4e522-6f11-42cc-8546-4b6abd5b1fda",
    "user": 9,
    "category": 176,
    "type": "EXPENSE",
    "description": "teste",
    "amount": "100.00",
    "date": "2025-11-05",
    "is_recurring": false,
    "recurrence_value": null,
    "recurrence_unit": null,
    "recurrence_end_date": null,
    "created_at": "2025-11-05T23:14:06.276Z",
    "updated_at": "2025-11-05T23:14:06.276Z"
  }
},
{
  "model": "finance.transactionlink",
  "pk": 2,
  "fields": {
    "uuid": "502e9ba0-b17a-4815-a709-0f7fd63d0c83",
    "user": 9,
    "source_transaction_uuid": "0b5c9c73-e054-4433-943a-6160c982c822",
    "target_transaction_uuid": "56667c55-2ad6-4ee5-9d09-18614e7353e1",
    "linked_amount": "100.00",
    "link_type": "DEBT_PAYMENT",
    "description": "",
    "created_at": "2025-11-05T11:11:10.985Z",
    "updated_at": "2025-11-05T11:11:10.985Z",
    "is_recurring": false
  }
},
{
  "model": "finance.goal",
  "pk": 1,
  "fields": {
    "uuid": "f235cc68-3e48-464e-8aa5-4d954d1666b8",
    "user": 9,
    "title": "teste",
    "description": "",
    "target_amount": "5000.00",
    "current_amount": "6850.00",
    "initial_amount": "0.00",
    "deadline": null,
    "goal_type": "SAVINGS",
    "target_category": null,
    "auto_update": true,
    "tracking_period": "TOTAL",
    "is_reduction_goal": false,
    "created_at": "2025-11-04T18:30:08.827Z",
    "updated_at": "2025-11-05T23:14:07.662Z",
    "tracked_categories": [
      135,
      143,
      174,
      139,
      173,
      132
    ]
  }
},
{
  "model": "finance.goal",
  "pk": 2,
  "fields": {
    "uuid": "04f4112e-fbab-4187-898c-cb1467e5c9f1",
    "user": 9,
    "title": "Teste",
    "description": "",
    "target_amount": "1000.00",
    "current_amount": "500.00",
    "initial_amount": "50.00",
    "deadline": "2025-11-05",
    "goal_type": "CUSTOM",
    "target_category": null,
    "auto_update": false,
    "tracking_period": "TOTAL",
    "is_reduction_goal": false,
    "created_at": "2025-11-04T23:19:48.072Z",
    "updated_at": "2025-11-05T10:41:26.612Z",
    "tracked_categories": []
  }
},
{
  "model": "finance.mission",
  "pk": 6,
  "fields": {
    "title": "Primeiros passos",
    "description": "Registre suas primeiras 5 transações incluindo receitas (salário, freelas) e despesas (alimentação, transporte). Use as categorias corretas para cada tipo de gasto.",
    "reward_points": 50,
    "difficulty": "EASY",
    "mission_type": "ONBOARDING",
    "priority": 1,
    "target_tps": null,
    "target_rdr": null,
    "min_ili": null,
    "max_ili": null,
    "min_transactions": 5,
    "duration_days": 7,
    "is_active": true,
    "created_at": "2025-11-03T02:04:59.636Z",
    "updated_at": "2025-11-04T01:10:24.646Z"
  }
},
{
  "model": "finance.mission",
  "pk": 7,
  "fields": {
    "title": "Mapeamento inicial",
    "description": "Cadastre 10 transações variadas incluindo receitas regulares e extras, despesas essenciais (moradia, alimentação) e de estilo de vida (lazer). Categorize corretamente para análise precisa.",
    "reward_points": 80,
    "difficulty": "EASY",
    "mission_type": "ONBOARDING",
    "priority": 2,
    "target_tps": null,
    "target_rdr": null,
    "min_ili": null,
    "max_ili": null,
    "min_transactions": 10,
    "duration_days": 14,
    "is_active": true,
    "created_at": "2025-11-03T02:04:59.746Z",
    "updated_at": "2025-11-04T01:10:24.860Z"
  }
},
{
  "model": "finance.mission",
  "pk": 8,
  "fields": {
    "title": "Registro completo",
    "description": "Alcance 20 transações bem categorizadas. Inclua receitas, despesas essenciais (luz, água, transporte), despesas de estilo de vida e, se aplicável, pagamentos de dívidas.",
    "reward_points": 120,
    "difficulty": "MEDIUM",
    "mission_type": "ONBOARDING",
    "priority": 3,
    "target_tps": null,
    "target_rdr": null,
    "min_ili": null,
    "max_ili": null,
    "min_transactions": 20,
    "duration_days": 21,
    "is_active": true,
    "created_at": "2025-11-03T02:04:59.853Z",
    "updated_at": "2025-11-04T01:10:25.075Z"
  }
},
{
  "model": "finance.mission",
  "pk": 9,
  "fields": {
    "title": "Começar a poupar",
    "description": "Melhore sua taxa de poupança para 10% registrando aportes na categoria 'Poupança' ou 'Reserva de Emergência' como DESPESA. Reduza gastos nas categorias de estilo de vida (lazer, restaurantes).",
    "reward_points": 100,
    "difficulty": "MEDIUM",
    "mission_type": "TPS_IMPROVEMENT",
    "priority": 10,
    "target_tps": 10,
    "target_rdr": null,
    "min_ili": null,
    "max_ili": "3.0",
    "min_transactions": null,
    "duration_days": 30,
    "is_active": true,
    "created_at": "2025-11-03T02:04:59.960Z",
    "updated_at": "2025-11-04T01:10:25.287Z"
  }
},
{
  "model": "finance.mission",
  "pk": 10,
  "fields": {
    "title": "Disciplina financeira",
    "description": "Alcance 15% de poupança aumentando aportes mensais em categorias do grupo SAVINGS (Poupança, Reserva de Emergência). Controle despesas de estilo de vida e mantenha receitas estáveis.",
    "reward_points": 150,
    "difficulty": "MEDIUM",
    "mission_type": "TPS_IMPROVEMENT",
    "priority": 11,
    "target_tps": 15,
    "target_rdr": null,
    "min_ili": "3.0",
    "max_ili": "6.0",
    "min_transactions": null,
    "duration_days": 45,
    "is_active": true,
    "created_at": "2025-11-03T02:05:00.068Z",
    "updated_at": "2025-11-04T01:10:25.504Z"
  }
},
{
  "model": "finance.mission",
  "pk": 11,
  "fields": {
    "title": "Poupador consistente",
    "description": "Mantenha 20% de poupança com aportes regulares em categorias de investimento e reserva. Revise despesas não essenciais e otimize gastos nas categorias de estilo de vida.",
    "reward_points": 200,
    "difficulty": "HARD",
    "mission_type": "TPS_IMPROVEMENT",
    "priority": 12,
    "target_tps": 20,
    "target_rdr": null,
    "min_ili": "6.0",
    "max_ili": null,
    "min_transactions": null,
    "duration_days": 60,
    "is_active": true,
    "created_at": "2025-11-03T02:05:00.176Z",
    "updated_at": "2025-11-04T01:10:25.717Z"
  }
},
{
  "model": "finance.mission",
  "pk": 12,
  "fields": {
    "title": "Controle das dívidas",
    "description": "Reduza dívidas para menos de 49% da renda registrando pagamentos como DEBT_PAYMENT nas categorias de dívida (Cartão, Empréstimo). Evite novos gastos a crédito.",
    "reward_points": 150,
    "difficulty": "MEDIUM",
    "mission_type": "RDR_REDUCTION",
    "priority": 20,
    "target_tps": null,
    "target_rdr": 49,
    "min_ili": null,
    "max_ili": null,
    "min_transactions": null,
    "duration_days": 45,
    "is_active": true,
    "created_at": "2025-11-03T02:05:00.283Z",
    "updated_at": "2025-11-04T01:10:25.931Z"
  }
},
{
  "model": "finance.mission",
  "pk": 13,
  "fields": {
    "title": "Respirar melhor",
    "description": "Baixe comprometimento para 42% acelerando pagamentos de dívidas. Use DEBT_PAYMENT para registrar amortizações nas categorias de Cartão de Crédito, Empréstimos e Financiamentos.",
    "reward_points": 180,
    "difficulty": "MEDIUM",
    "mission_type": "RDR_REDUCTION",
    "priority": 21,
    "target_tps": null,
    "target_rdr": 42,
    "min_ili": null,
    "max_ili": null,
    "min_transactions": null,
    "duration_days": 60,
    "is_active": true,
    "created_at": "2025-11-03T02:05:00.390Z",
    "updated_at": "2025-11-04T01:10:26.145Z"
  }
},
{
  "model": "finance.mission",
  "pk": 14,
  "fields": {
    "title": "Dívidas sob controle",
    "description": "Alcance comprometimento abaixo de 35% quitando ou renegociando dívidas. Registre todos os pagamentos como DEBT_PAYMENT nas categorias corretas (Cartão, Empréstimo, Financiamento).",
    "reward_points": 220,
    "difficulty": "HARD",
    "mission_type": "RDR_REDUCTION",
    "priority": 22,
    "target_tps": null,
    "target_rdr": 35,
    "min_ili": null,
    "max_ili": null,
    "min_transactions": null,
    "duration_days": 90,
    "is_active": true,
    "created_at": "2025-11-03T02:05:00.499Z",
    "updated_at": "2025-11-04T01:10:26.360Z"
  }
},
{
  "model": "finance.mission",
  "pk": 15,
  "fields": {
    "title": "Primeira segurança",
    "description": "Construa reserva que cubra 1 mês de despesas essenciais fazendo aportes mensais na categoria 'Reserva de Emergência' como DESPESA. Foque em proteger gastos com moradia, alimentação e transporte.",
    "reward_points": 120,
    "difficulty": "MEDIUM",
    "mission_type": "ILI_BUILDING",
    "priority": 30,
    "target_tps": null,
    "target_rdr": null,
    "min_ili": "1.0",
    "max_ili": "3.0",
    "min_transactions": null,
    "duration_days": 60,
    "is_active": true,
    "created_at": "2025-11-03T02:05:00.606Z",
    "updated_at": "2025-11-04T01:10:26.575Z"
  }
},
{
  "model": "finance.mission",
  "pk": 16,
  "fields": {
    "title": "Almofada de segurança",
    "description": "Amplie reserva para 3 meses de despesas essenciais aumentando aportes em 'Reserva de Emergência'. Calcule suas despesas médias em categorias essenciais (moradia, alimentação, transporte, saúde).",
    "reward_points": 180,
    "difficulty": "MEDIUM",
    "mission_type": "ILI_BUILDING",
    "priority": 31,
    "target_tps": null,
    "target_rdr": null,
    "min_ili": "3.0",
    "max_ili": "6.0",
    "min_transactions": null,
    "duration_days": 90,
    "is_active": true,
    "created_at": "2025-11-03T02:05:00.721Z",
    "updated_at": "2025-11-04T01:10:26.789Z"
  }
},
{
  "model": "finance.mission",
  "pk": 17,
  "fields": {
    "title": "Reserva sólida",
    "description": "Complete reserva de 6 meses de despesas essenciais com aportes consistentes. Use categoria 'Reserva de Emergência' para aportes e mantenha separado de outras economias e investimentos.",
    "reward_points": 250,
    "difficulty": "HARD",
    "mission_type": "ILI_BUILDING",
    "priority": 32,
    "target_tps": null,
    "target_rdr": null,
    "min_ili": "6.0",
    "max_ili": null,
    "min_transactions": null,
    "duration_days": 120,
    "is_active": true,
    "created_at": "2025-11-03T02:05:00.827Z",
    "updated_at": "2025-11-04T01:10:27.009Z"
  }
},
{
  "model": "finance.mission",
  "pk": 18,
  "fields": {
    "title": "Diversificar investimentos",
    "description": "Com reserva consolidada, explore investimentos registrando aportes em categorias do grupo INVESTMENT (Ações, Fundos, Tesouro Direto). Mantenha disciplina de poupança e controle de dívidas.",
    "reward_points": 200,
    "difficulty": "HARD",
    "mission_type": "ADVANCED",
    "priority": 40,
    "target_tps": 15,
    "target_rdr": 35,
    "min_ili": "6.0",
    "max_ili": null,
    "min_transactions": 50,
    "duration_days": 90,
    "is_active": true,
    "created_at": "2025-11-03T02:05:00.934Z",
    "updated_at": "2025-11-04T01:10:27.230Z"
  }
},
{
  "model": "finance.mission",
  "pk": 19,
  "fields": {
    "title": "Otimização patrimonial",
    "description": "Maximize investimentos de longo prazo usando categorias de investimento (Ações, Fundos, Previdência) enquanto mantém índices saudáveis. Balance entre liquidez, segurança e rentabilidade.",
    "reward_points": 250,
    "difficulty": "HARD",
    "mission_type": "ADVANCED",
    "priority": 41,
    "target_tps": 20,
    "target_rdr": 30,
    "min_ili": "9.0",
    "max_ili": null,
    "min_transactions": 100,
    "duration_days": 120,
    "is_active": true,
    "created_at": "2025-11-03T02:05:01.042Z",
    "updated_at": "2025-11-04T01:10:27.445Z"
  }
},
{
  "model": "finance.missionprogress",
  "pk": 25,
  "fields": {
    "user": 7,
    "mission": 6,
    "status": "PENDING",
    "progress": "0.00",
    "initial_tps": "0.00",
    "initial_rdr": "0.00",
    "initial_ili": "0.00",
    "initial_transaction_count": 1,
    "started_at": null,
    "completed_at": null,
    "updated_at": "2025-11-04T01:15:45.345Z"
  }
},
{
  "model": "finance.missionprogress",
  "pk": 26,
  "fields": {
    "user": 7,
    "mission": 7,
    "status": "PENDING",
    "progress": "0.00",
    "initial_tps": "0.00",
    "initial_rdr": "0.00",
    "initial_ili": "0.00",
    "initial_transaction_count": 1,
    "started_at": null,
    "completed_at": null,
    "updated_at": "2025-11-04T01:15:45.792Z"
  }
},
{
  "model": "finance.missionprogress",
  "pk": 27,
  "fields": {
    "user": 7,
    "mission": 8,
    "status": "PENDING",
    "progress": "0.00",
    "initial_tps": "0.00",
    "initial_rdr": "0.00",
    "initial_ili": "0.00",
    "initial_transaction_count": 1,
    "started_at": null,
    "completed_at": null,
    "updated_at": "2025-11-04T01:15:46.238Z"
  }
},
{
  "model": "finance.missionprogress",
  "pk": 28,
  "fields": {
    "user": 8,
    "mission": 6,
    "status": "COMPLETED",
    "progress": "100.00",
    "initial_tps": "0.00",
    "initial_rdr": "0.00",
    "initial_ili": "0.00",
    "initial_transaction_count": 1,
    "started_at": "2025-11-04T01:26:11.593Z",
    "completed_at": "2025-11-04T01:26:18.551Z",
    "updated_at": "2025-11-04T01:26:19.206Z"
  }
},
{
  "model": "finance.missionprogress",
  "pk": 29,
  "fields": {
    "user": 8,
    "mission": 7,
    "status": "COMPLETED",
    "progress": "100.00",
    "initial_tps": "0.00",
    "initial_rdr": "0.00",
    "initial_ili": "0.00",
    "initial_transaction_count": 1,
    "started_at": "2025-11-04T01:26:11.812Z",
    "completed_at": "2025-11-04T01:26:28.462Z",
    "updated_at": "2025-11-04T01:26:29.110Z"
  }
},
{
  "model": "finance.missionprogress",
  "pk": 30,
  "fields": {
    "user": 8,
    "mission": 8,
    "status": "ACTIVE",
    "progress": "75.00",
    "initial_tps": "0.00",
    "initial_rdr": "0.00",
    "initial_ili": "0.00",
    "initial_transaction_count": 1,
    "started_at": "2025-11-04T01:26:12.027Z",
    "completed_at": null,
    "updated_at": "2025-11-04T01:26:41.991Z"
  }
},
{
  "model": "finance.missionprogress",
  "pk": 31,
  "fields": {
    "user": 8,
    "mission": 9,
    "status": "COMPLETED",
    "progress": "100.00",
    "initial_tps": "0.00",
    "initial_rdr": "0.00",
    "initial_ili": "0.00",
    "initial_transaction_count": 5,
    "started_at": null,
    "completed_at": null,
    "updated_at": "2025-11-04T01:26:32.753Z"
  }
},
{
  "model": "finance.missionprogress",
  "pk": 32,
  "fields": {
    "user": 8,
    "mission": 10,
    "status": "PENDING",
    "progress": "0.00",
    "initial_tps": "0.00",
    "initial_rdr": "0.00",
    "initial_ili": "0.00",
    "initial_transaction_count": 10,
    "started_at": null,
    "completed_at": null,
    "updated_at": "2025-11-04T01:26:42.207Z"
  }
},
{
  "model": "finance.missionprogress",
  "pk": 33,
  "fields": {
    "user": 8,
    "mission": 11,
    "status": "PENDING",
    "progress": "0.00",
    "initial_tps": "0.00",
    "initial_rdr": "0.00",
    "initial_ili": "0.00",
    "initial_transaction_count": 11,
    "started_at": null,
    "completed_at": null,
    "updated_at": "2025-11-04T01:26:42.422Z"
  }
},
{
  "model": "finance.missionprogress",
  "pk": 34,
  "fields": {
    "user": 9,
    "mission": 6,
    "status": "COMPLETED",
    "progress": "100.00",
    "initial_tps": "0.00",
    "initial_rdr": "0.00",
    "initial_ili": "0.00",
    "initial_transaction_count": 1,
    "started_at": "2025-11-04T14:48:54.436Z",
    "completed_at": "2025-11-04T23:05:17.800Z",
    "updated_at": "2025-11-04T23:05:18.254Z"
  }
},
{
  "model": "finance.missionprogress",
  "pk": 35,
  "fields": {
    "user": 9,
    "mission": 7,
    "status": "COMPLETED",
    "progress": "100.00",
    "initial_tps": "0.00",
    "initial_rdr": "0.00",
    "initial_ili": "0.00",
    "initial_transaction_count": 1,
    "started_at": "2025-11-04T14:48:54.582Z",
    "completed_at": "2025-11-05T10:42:20.845Z",
    "updated_at": "2025-11-05T10:42:21.284Z"
  }
},
{
  "model": "finance.missionprogress",
  "pk": 36,
  "fields": {
    "user": 9,
    "mission": 8,
    "status": "ACTIVE",
    "progress": "60.00",
    "initial_tps": "0.00",
    "initial_rdr": "0.00",
    "initial_ili": "0.00",
    "initial_transaction_count": 1,
    "started_at": "2025-11-04T14:48:54.727Z",
    "completed_at": null,
    "updated_at": "2025-11-05T23:58:35.054Z"
  }
},
{
  "model": "finance.missionprogress",
  "pk": 37,
  "fields": {
    "user": 10,
    "mission": 6,
    "status": "PENDING",
    "progress": "0.00",
    "initial_tps": "0.00",
    "initial_rdr": "0.00",
    "initial_ili": "0.00",
    "initial_transaction_count": 1,
    "started_at": null,
    "completed_at": null,
    "updated_at": "2025-11-04T15:33:18.338Z"
  }
},
{
  "model": "finance.missionprogress",
  "pk": 38,
  "fields": {
    "user": 10,
    "mission": 7,
    "status": "PENDING",
    "progress": "0.00",
    "initial_tps": "0.00",
    "initial_rdr": "0.00",
    "initial_ili": "0.00",
    "initial_transaction_count": 1,
    "started_at": null,
    "completed_at": null,
    "updated_at": "2025-11-04T15:33:18.481Z"
  }
},
{
  "model": "finance.missionprogress",
  "pk": 39,
  "fields": {
    "user": 10,
    "mission": 8,
    "status": "PENDING",
    "progress": "0.00",
    "initial_tps": "0.00",
    "initial_rdr": "0.00",
    "initial_ili": "0.00",
    "initial_transaction_count": 1,
    "started_at": null,
    "completed_at": null,
    "updated_at": "2025-11-04T15:33:18.626Z"
  }
},
{
  "model": "finance.missionprogress",
  "pk": 40,
  "fields": {
    "user": 11,
    "mission": 6,
    "status": "COMPLETED",
    "progress": "100.00",
    "initial_tps": "0.00",
    "initial_rdr": "0.00",
    "initial_ili": "0.00",
    "initial_transaction_count": 1,
    "started_at": "2025-11-04T15:36:42.451Z",
    "completed_at": "2025-11-04T15:36:56.045Z",
    "updated_at": "2025-11-04T15:36:56.487Z"
  }
},
{
  "model": "finance.missionprogress",
  "pk": 41,
  "fields": {
    "user": 11,
    "mission": 7,
    "status": "ACTIVE",
    "progress": "70.00",
    "initial_tps": "0.00",
    "initial_rdr": "0.00",
    "initial_ili": "0.00",
    "initial_transaction_count": 1,
    "started_at": "2025-11-04T15:36:42.599Z",
    "completed_at": null,
    "updated_at": "2025-11-04T15:47:53.012Z"
  }
},
{
  "model": "finance.missionprogress",
  "pk": 42,
  "fields": {
    "user": 11,
    "mission": 8,
    "status": "ACTIVE",
    "progress": "35.00",
    "initial_tps": "0.00",
    "initial_rdr": "0.00",
    "initial_ili": "0.00",
    "initial_transaction_count": 1,
    "started_at": "2025-11-04T15:36:42.744Z",
    "completed_at": null,
    "updated_at": "2025-11-04T15:47:53.159Z"
  }
},
{
  "model": "finance.missionprogress",
  "pk": 43,
  "fields": {
    "user": 12,
    "mission": 6,
    "status": "PENDING",
    "progress": "0.00",
    "initial_tps": "0.00",
    "initial_rdr": "0.00",
    "initial_ili": "0.00",
    "initial_transaction_count": 1,
    "started_at": null,
    "completed_at": null,
    "updated_at": "2025-11-05T15:05:00.563Z"
  }
},
{
  "model": "finance.missionprogress",
  "pk": 44,
  "fields": {
    "user": 12,
    "mission": 7,
    "status": "PENDING",
    "progress": "0.00",
    "initial_tps": "0.00",
    "initial_rdr": "0.00",
    "initial_ili": "0.00",
    "initial_transaction_count": 1,
    "started_at": null,
    "completed_at": null,
    "updated_at": "2025-11-05T15:05:00.710Z"
  }
},
{
  "model": "finance.missionprogress",
  "pk": 45,
  "fields": {
    "user": 12,
    "mission": 8,
    "status": "PENDING",
    "progress": "0.00",
    "initial_tps": "0.00",
    "initial_rdr": "0.00",
    "initial_ili": "0.00",
    "initial_transaction_count": 1,
    "started_at": null,
    "completed_at": null,
    "updated_at": "2025-11-05T15:05:00.857Z"
  }
},
{
  "model": "finance.missionprogress",
  "pk": 46,
  "fields": {
    "user": 13,
    "mission": 6,
    "status": "PENDING",
    "progress": "0.00",
    "initial_tps": "0.00",
    "initial_rdr": "0.00",
    "initial_ili": "0.00",
    "initial_transaction_count": 1,
    "started_at": null,
    "completed_at": null,
    "updated_at": "2025-11-05T15:42:16.259Z"
  }
},
{
  "model": "finance.missionprogress",
  "pk": 47,
  "fields": {
    "user": 13,
    "mission": 7,
    "status": "PENDING",
    "progress": "0.00",
    "initial_tps": "0.00",
    "initial_rdr": "0.00",
    "initial_ili": "0.00",
    "initial_transaction_count": 1,
    "started_at": null,
    "completed_at": null,
    "updated_at": "2025-11-05T15:42:16.405Z"
  }
},
{
  "model": "finance.missionprogress",
  "pk": 48,
  "fields": {
    "user": 13,
    "mission": 8,
    "status": "PENDING",
    "progress": "0.00",
    "initial_tps": "0.00",
    "initial_rdr": "0.00",
    "initial_ili": "0.00",
    "initial_transaction_count": 1,
    "started_at": null,
    "completed_at": null,
    "updated_at": "2025-11-05T15:42:16.551Z"
  }
},
{
  "model": "finance.missionprogress",
  "pk": 49,
  "fields": {
    "user": 1,
    "mission": 6,
    "status": "PENDING",
    "progress": "0.00",
    "initial_tps": "100.00",
    "initial_rdr": "0.00",
    "initial_ili": "0.00",
    "initial_transaction_count": 1,
    "started_at": null,
    "completed_at": null,
    "updated_at": "2025-11-06T00:52:51.347Z"
  }
},
{
  "model": "finance.missionprogress",
  "pk": 50,
  "fields": {
    "user": 1,
    "mission": 7,
    "status": "PENDING",
    "progress": "0.00",
    "initial_tps": "100.00",
    "initial_rdr": "0.00",
    "initial_ili": "0.00",
    "initial_transaction_count": 1,
    "started_at": null,
    "completed_at": null,
    "updated_at": "2025-11-06T00:52:51.785Z"
  }
},
{
  "model": "finance.missionprogress",
  "pk": 51,
  "fields": {
    "user": 1,
    "mission": 8,
    "status": "PENDING",
    "progress": "0.00",
    "initial_tps": "100.00",
    "initial_rdr": "0.00",
    "initial_ili": "0.00",
    "initial_transaction_count": 1,
    "started_at": null,
    "completed_at": null,
    "updated_at": "2025-11-06T00:52:52.219Z"
  }
},
{
  "model": "finance.xptransaction",
  "pk": 1,
  "fields": {
    "user": 8,
    "mission_progress": 28,
    "points_awarded": 50,
    "level_before": 1,
    "level_after": 1,
    "xp_before": 0,
    "xp_after": 50,
    "created_at": "2025-11-04T01:26:18.982Z"
  }
},
{
  "model": "finance.xptransaction",
  "pk": 2,
  "fields": {
    "user": 8,
    "mission_progress": 29,
    "points_awarded": 80,
    "level_before": 1,
    "level_after": 1,
    "xp_before": 50,
    "xp_after": 130,
    "created_at": "2025-11-04T01:26:28.895Z"
  }
},
{
  "model": "finance.xptransaction",
  "pk": 3,
  "fields": {
    "user": 8,
    "mission_progress": 31,
    "points_awarded": 100,
    "level_before": 1,
    "level_after": 2,
    "xp_before": 130,
    "xp_after": 80,
    "created_at": "2025-11-04T01:26:33.398Z"
  }
},
{
  "model": "finance.xptransaction",
  "pk": 12,
  "fields": {
    "user": 11,
    "mission_progress": 40,
    "points_awarded": 50,
    "level_before": 1,
    "level_after": 1,
    "xp_before": 0,
    "xp_after": 50,
    "created_at": "2025-11-04T15:36:56.330Z"
  }
},
{
  "model": "finance.xptransaction",
  "pk": 13,
  "fields": {
    "user": 9,
    "mission_progress": 34,
    "points_awarded": 50,
    "level_before": 1,
    "level_after": 1,
    "xp_before": 0,
    "xp_after": 50,
    "created_at": "2025-11-04T23:05:18.090Z"
  }
},
{
  "model": "finance.xptransaction",
  "pk": 14,
  "fields": {
    "user": 9,
    "mission_progress": 35,
    "points_awarded": 80,
    "level_before": 1,
    "level_after": 1,
    "xp_before": 50,
    "xp_after": 130,
    "created_at": "2025-11-05T10:42:21.130Z"
  }
}
]
